{"cameraMode":{"drawMode":0,"name":"Shaded","section":"Shading Mode"},"sceneLighting":false,"audioPlay":false,"sceneViewState":{"m_AlwaysRefresh":false,"showFog":true,"showSkybox":false,"showFlares":true,"showImageEffects":true,"showParticleSystems":true,"showVisualEffectGraphs":true,"m_FxEnabled":true},"in2DMode":false,"pivot":{"x":-0.02067943662405014,"y":3.2958452701568605,"z":-0.004997611045837402},"rotation":{"x":-0.07670097053050995,"y":0.030503906309604646,"z":-0.0023430604487657549,"w":-0.996612012386322},"size":0.8811836838722229,"orthographic":false}