{"cameraMode":{"drawMode":0,"name":"Shaded","section":"Shading Mode"},"sceneLighting":false,"audioPlay":false,"sceneViewState":{"m_AlwaysRefresh":false,"showFog":true,"showSkybox":false,"showFlares":true,"showImageEffects":true,"showParticleSystems":true,"showVisualEffectGraphs":true,"m_FxEnabled":true},"in2DMode":false,"pivot":{"x":-0.15234725177288056,"y":-0.08170045167207718,"z":0.11861618608236313},"rotation":{"x":-0.2703854739665985,"y":0.38741129636764529,"z":-0.12001396715641022,"w":-0.8731820583343506},"size":0.5173554420471191,"orthographic":false}