{"cameraMode":{"drawMode":0,"name":"Shaded","section":"Shading Mode"},"sceneLighting":false,"audioPlay":false,"sceneViewState":{"m_AlwaysRefresh":false,"showFog":true,"showSkybox":false,"showFlares":true,"showImageEffects":true,"showParticleSystems":true,"showVisualEffectGraphs":true,"m_FxEnabled":true},"in2DMode":false,"pivot":{"x":-0.028985977172851564,"y":0.1313624531030655,"z":-0.0000743865966796875},"rotation":{"x":-0.2307189255952835,"y":-0.0008906267466954887,"z":0.00015476565749850124,"w":-0.9730468988418579},"size":0.35723060369491579,"orthographic":false}