{"cameraMode":{"drawMode":0,"name":"Shaded","section":"Shading Mode"},"sceneLighting":true,"audioPlay":false,"sceneViewState":{"m_AlwaysRefresh":false,"showFog":true,"showSkybox":true,"showFlares":true,"showImageEffects":true,"showParticleSystems":true,"showVisualEffectGraphs":true,"m_FxEnabled":true},"in2DMode":false,"pivot":{"x":-0.056556351482868198,"y":2.573378801345825,"z":1.104404091835022},"rotation":{"x":-0.0227909367531538,"y":0.0395776592195034,"z":-0.0009071484673768282,"w":-0.9989801049232483},"size":0.8660253882408142,"orthographic":false}