{"cameraMode":{"drawMode":0,"name":"Shaded","section":"Shading Mode"},"sceneLighting":true,"audioPlay":false,"sceneViewState":{"m_AlwaysRefresh":false,"showFog":true,"showSkybox":true,"showFlares":true,"showImageEffects":true,"showParticleSystems":true,"showVisualEffectGraphs":true,"m_FxEnabled":true},"in2DMode":false,"pivot":{"x":-3.4449222087860109,"y":-108.5715560913086,"z":129.6556396484375},"rotation":{"x":0.3488216698169708,"y":-0.008607396855950356,"z":0.0032228021882474424,"w":0.9371985793113709},"size":87.97740173339844,"orthographic":false}