{"cameraMode":{"drawMode":0,"name":"Shaded","section":"Shading Mode"},"sceneLighting":true,"audioPlay":false,"sceneViewState":{"m_AlwaysRefresh":false,"showFog":true,"showSkybox":true,"showFlares":true,"showImageEffects":true,"showParticleSystems":true,"showVisualEffectGraphs":true,"m_FxEnabled":true},"in2DMode":false,"pivot":{"x":-0.24850662052631379,"y":5.531059741973877,"z":-2.797929048538208},"rotation":{"x":0.3215019106864929,"y":-0.005388920195400715,"z":0.0018285124097019435,"w":0.9469239115715027},"size":1.3040196895599366,"orthographic":false}