{"cameraMode":{"drawMode":0,"name":"Shaded","section":"Shading Mode"},"sceneLighting":false,"audioPlay":false,"sceneViewState":{"m_AlwaysRefresh":false,"showFog":true,"showSkybox":false,"showFlares":true,"showImageEffects":true,"showParticleSystems":true,"showVisualEffectGraphs":true,"m_FxEnabled":true},"in2DMode":false,"pivot":{"x":-0.09417551755905152,"y":0.3046358823776245,"z":-0.003518432378768921},"rotation":{"x":-0.020559418946504594,"y":-0.9538334608078003,"z":0.2922396957874298,"w":-0.06675500422716141},"size":0.7380014061927795,"orthographic":false}