{"cameraMode":{"drawMode":0,"name":"Shaded","section":"Shading Mode"},"sceneLighting":false,"audioPlay":false,"sceneViewState":{"m_AlwaysRefresh":false,"showFog":true,"showSkybox":false,"showFlares":true,"showImageEffects":true,"showParticleSystems":true,"showVisualEffectGraphs":true,"m_FxEnabled":true},"in2DMode":false,"pivot":{"x":0.034716203808784488,"y":1.1816112995147706,"z":-0.99519944190979},"rotation":{"x":0.18922264873981477,"y":-0.06622932851314545,"z":0.01279294304549694,"w":0.9796157479286194},"size":0.6037601828575134,"orthographic":false}