{"cameraMode":{"drawMode":0,"name":"Shaded","section":"Shading Mode"},"sceneLighting":false,"audioPlay":false,"sceneViewState":{"m_AlwaysRefresh":false,"showFog":true,"showSkybox":false,"showFlares":true,"showImageEffects":true,"showParticleSystems":true,"showVisualEffectGraphs":true,"m_FxEnabled":true},"in2DMode":false,"pivot":{"x":0.02836374007165432,"y":0.5123751163482666,"z":0.7277607321739197},"rotation":{"x":-0.3080815374851227,"y":0.14114244282245637,"z":-0.046318117529153827,"w":-0.939712643623352},"size":1.2990381717681885,"orthographic":false}