{"cameraMode":{"drawMode":0,"name":"Shaded","section":"Shading Mode"},"sceneLighting":false,"audioPlay":false,"sceneViewState":{"m_AlwaysRefresh":false,"showFog":true,"showSkybox":false,"showFlares":true,"showImageEffects":true,"showParticleSystems":true,"showVisualEffectGraphs":true,"m_FxEnabled":true},"in2DMode":false,"pivot":{"x":0.0014209747314453126,"y":0.26959583163261416,"z":-0.01017671823501587},"rotation":{"x":-0.2307189255952835,"y":-0.0008906267466954887,"z":0.00015476565749850124,"w":-0.9730468988418579},"size":0.9064364433288574,"orthographic":false}