{"cameraMode":{"drawMode":0,"name":"Shaded","section":"Shading Mode"},"sceneLighting":false,"audioPlay":false,"sceneViewState":{"m_AlwaysRefresh":false,"showFog":true,"showSkybox":false,"showFlares":true,"showImageEffects":true,"showParticleSystems":true,"showVisualEffectGraphs":true,"m_FxEnabled":true},"in2DMode":false,"pivot":{"x":0.15780557692050935,"y":1.1920357942581177,"z":-0.41338497400283816},"rotation":{"x":-0.45112887024879458,"y":0.542787492275238,"z":-0.44281473755836489,"w":-0.5529803037643433},"size":1.2990381717681885,"orthographic":false}