{"cameraMode":{"drawMode":0,"name":"Shaded","section":"Shading Mode"},"sceneLighting":true,"audioPlay":false,"sceneViewState":{"m_AlwaysRefresh":false,"showFog":true,"showSkybox":true,"showFlares":true,"showImageEffects":true,"showParticleSystems":true,"showVisualEffectGraphs":true,"m_FxEnabled":true},"in2DMode":false,"pivot":{"x":0.2855234146118164,"y":0.15690898895263673,"z":4.144511699676514},"rotation":{"x":0.1686757355928421,"y":-0.3341071903705597,"z":0.0609084814786911,"w":0.9253227710723877},"size":3.7360525131225588,"orthographic":false}