{"cameraMode":{"drawMode":0,"name":"Shaded","section":"Shading Mode"},"sceneLighting":true,"audioPlay":false,"sceneViewState":{"m_AlwaysRefresh":false,"showFog":true,"showSkybox":true,"showFlares":true,"showImageEffects":true,"showParticleSystems":true,"showVisualEffectGraphs":true,"m_FxEnabled":true},"in2DMode":false,"pivot":{"x":0.46822723746299746,"y":6.672031879425049,"z":8.971162796020508},"rotation":{"x":-0.001582554541528225,"y":-0.9612707495689392,"z":0.2756998836994171,"w":-0.005167321767657995},"size":1.2523974180221558,"orthographic":false}