{"cameraMode":{"drawMode":0,"name":"Shaded","section":"Shading Mode"},"sceneLighting":true,"audioPlay":false,"sceneViewState":{"m_AlwaysRefresh":false,"showFog":true,"showSkybox":true,"showFlares":true,"showImageEffects":true,"showParticleSystems":true,"showVisualEffectGraphs":true,"m_FxEnabled":true},"in2DMode":false,"pivot":{"x":0.48400402069091799,"y":-0.06505608558654785,"z":3.391428232192993},"rotation":{"x":-0.24209298193454743,"y":0.6880910396575928,"z":-0.2639687955379486,"w":-0.631070077419281},"size":2.9979991912841799,"orthographic":false}