{"cameraMode":{"drawMode":0,"name":"Shaded","section":"Shading Mode"},"sceneLighting":true,"audioPlay":false,"sceneViewState":{"m_AlwaysRefresh":false,"showFog":true,"showSkybox":true,"showFlares":true,"showImageEffects":true,"showParticleSystems":true,"showVisualEffectGraphs":true,"m_FxEnabled":true},"in2DMode":false,"pivot":{"x":6.231135845184326,"y":2.752159833908081,"z":2.33829665184021},"rotation":{"x":-0.06771638989448548,"y":-0.036813460290431979,"z":0.002443167846649885,"w":-0.9970521926879883},"size":1.0049875974655152,"orthographic":false}