{"cameraMode":{"drawMode":0,"name":"Shaded","section":"Shading Mode"},"sceneLighting":true,"audioPlay":false,"sceneViewState":{"m_AlwaysRefresh":false,"showFog":true,"showSkybox":true,"showFlares":true,"showImageEffects":true,"showParticleSystems":true,"showVisualEffectGraphs":true,"m_FxEnabled":true},"in2DMode":false,"pivot":{"x":6.027296543121338,"y":4.655131816864014,"z":-3.8771111965179445},"rotation":{"x":-0.20475701987743379,"y":0.15256409347057343,"z":-0.032386668026447299,"w":-0.9663383960723877},"size":1.0049875974655152,"orthographic":false}