{"cameraMode":{"drawMode":0,"name":"Shaded","section":"Shading Mode"},"sceneLighting":true,"audioPlay":false,"sceneViewState":{"m_AlwaysRefresh":false,"showFog":true,"showSkybox":true,"showFlares":true,"showImageEffects":true,"showParticleSystems":true,"showVisualEffectGraphs":true,"m_FxEnabled":true},"in2DMode":false,"pivot":{"x":7.2529754638671879,"y":1.8258002996444703,"z":-0.33686667680740359},"rotation":{"x":-0.23998667299747468,"y":0.17132771015167237,"z":-0.04316694289445877,"w":-0.9546065926551819},"size":0.7519155144691467,"orthographic":false}