{"cameraMode":{"drawMode":0,"name":"Shaded","section":"Shading Mode"},"sceneLighting":true,"audioPlay":false,"sceneViewState":{"m_AlwaysRefresh":false,"showFog":true,"showSkybox":true,"showFlares":true,"showImageEffects":true,"showParticleSystems":true,"showVisualEffectGraphs":true,"m_FxEnabled":true},"in2DMode":false,"pivot":{"x":-2.9533920288085939,"y":-15.709000587463379,"z":27.672832489013673},"rotation":{"x":0.2594781816005707,"y":-0.047785788774490359,"z":0.01285378634929657,"w":0.9644867181777954},"size":18.332698822021486,"orthographic":false}