{"cameraMode":{"drawMode":0,"name":"Shaded","section":"Shading Mode"},"sceneLighting":false,"audioPlay":false,"sceneViewState":{"m_AlwaysRefresh":false,"showFog":true,"showSkybox":false,"showFlares":true,"showImageEffects":true,"showParticleSystems":true,"showVisualEffectGraphs":true,"m_FxEnabled":true},"in2DMode":false,"pivot":{"x":-0.1009025126695633,"y":0.378314733505249,"z":0.42685818672180178},"rotation":{"x":-0.2569035589694977,"y":0.0049089305102825169,"z":-0.001381569541990757,"w":-0.9664614796638489},"size":1.2990381717681885,"orthographic":false}