{"cameraMode":{"drawMode":0,"name":"Shaded","section":"Shading Mode"},"sceneLighting":false,"audioPlay":false,"sceneViewState":{"m_AlwaysRefresh":false,"showFog":true,"showSkybox":false,"showFlares":true,"showImageEffects":true,"showParticleSystems":true,"showVisualEffectGraphs":true,"m_FxEnabled":true},"in2DMode":false,"pivot":{"x":-0.22194397449493409,"y":0.8233990669250488,"z":-0.07773280143737793},"rotation":{"x":-0.30999141931533816,"y":0.027639998123049737,"z":-0.009090486913919449,"w":-0.9503355026245117},"size":1.357494831085205,"orthographic":false}